City_ID,City,Country,Date,Lat,Lng,Max Temp,Humidity,Cloudiness,Wind Speed
0,Valparaiso,CL,2020-07-06 19:14:01,-33.04,-71.63,57.2,58,100,6.93
1,Maniitsoq,GL,2020-07-06 19:15:08,65.42,-52.9,41.7,93,100,30.53
2,Labuhan,ID,2020-07-06 19:15:08,-6.88,112.21,76.3,88,100,7.05
3,Mataura,NZ,2020-07-06 19:15:08,-46.19,168.86,44.87,93,100,8.72
4,Atuona,PF,2020-07-06 19:15:08,-9.8,-139.03,78.78,77,3,14.58
5,Airai,TL,2020-07-06 19:15:09,-8.93,125.41,56.12,100,21,3.62
6,Cairns,AU,2020-07-06 19:15:09,-16.92,145.77,68.0,82,90,10.29
7,Thompson,CA,2020-07-06 19:15:09,55.74,-97.86,66.2,82,75,13.87
8,Tasiilaq,GL,2020-07-06 19:15:09,65.61,-37.64,42.8,75,23,9.17
9,Rikitea,PF,2020-07-06 19:15:09,-23.12,-134.97,73.71,78,50,5.08
10,Bubaque,GW,2020-07-06 19:15:09,11.28,-15.83,81.07,82,97,13.35
11,Xai-Xai,MZ,2020-07-06 19:15:09,-25.05,33.64,62.74,72,0,8.59
12,Adrar,MR,2020-07-06 19:15:10,20.5,-10.07,103.35,13,0,10.51
13,Port Alfred,ZA,2020-07-06 19:13:50,-33.59,26.89,66.99,33,0,5.99
14,Hobart,AU,2020-07-06 19:15:10,-42.88,147.33,42.8,70,90,6.93
15,Punta Arenas,CL,2020-07-06 19:11:01,-53.15,-70.92,30.2,100,20,6.93
16,Chokurdakh,RU,2020-07-06 19:15:10,70.63,147.92,38.08,87,100,8.66
17,Borgarnes,IS,2020-07-06 19:15:10,64.54,-21.92,55.4,71,0,13.87
18,Khatanga,RU,2020-07-06 19:15:11,71.97,102.5,45.77,78,100,16.06
19,New Norfolk,AU,2020-07-06 19:15:11,-42.78,147.06,37.0,82,24,1.01
20,Evensk,RU,2020-07-06 19:15:11,61.95,159.23,49.91,87,48,5.53
21,Kahului,US,2020-07-06 19:15:11,20.89,-156.47,84.2,51,20,20.8
22,Hilo,US,2020-07-06 19:11:00,19.73,-155.09,78.8,69,90,8.05
23,Bredasdorp,ZA,2020-07-06 19:15:11,-34.53,20.04,59.0,77,0,9.17
24,Port Macquarie,AU,2020-07-06 19:15:12,-31.43,152.92,43.0,97,2,8.63
25,Torbay,CA,2020-07-06 19:15:12,47.67,-52.73,59.0,76,75,9.17
26,Upernavik,GL,2020-07-06 19:15:12,72.79,-56.15,43.75,82,100,8.32
27,Albany,US,2020-07-06 19:12:39,42.6,-73.97,89.01,35,2,5.86
28,Yellowknife,CA,2020-07-06 19:11:39,62.46,-114.35,64.4,48,75,18.34
29,Ponta Do Sol,PT,2020-07-06 19:15:12,32.67,-17.1,75.2,78,20,11.41
30,La Union,PE,2020-07-06 19:15:13,-5.4,-80.75,81.45,46,69,13.15
31,Anadyr,RU,2020-07-06 19:15:13,64.75,177.48,46.4,87,40,6.71
32,Barrow,US,2020-07-06 19:15:13,71.29,-156.79,33.8,77,90,13.87
33,Foumban,CM,2020-07-06 19:15:13,5.73,10.9,65.46,96,100,1.92
34,Busselton,AU,2020-07-06 19:13:38,-33.65,115.33,57.0,64,70,16.15
35,Mahebourg,MU,2020-07-06 19:15:13,-20.41,57.7,73.4,94,75,4.7
36,Katsuura,JP,2020-07-06 19:15:14,35.13,140.3,80.01,100,75,19.46
37,Muli,MV,2020-07-06 19:15:14,2.92,73.57,83.98,74,100,8.88
38,Saint-Philippe,RE,2020-07-06 19:15:14,-21.36,55.77,73.4,94,90,12.75
39,Kibaya,TZ,2020-07-06 19:15:14,-5.3,36.57,57.2,64,3,8.37
40,Nikolskoye,RU,2020-07-06 19:15:14,59.7,30.79,64.4,63,94,4.47
41,Chuy,UY,2020-07-06 19:15:15,-33.7,-53.46,52.92,68,99,4.68
42,Ilulissat,GL,2020-07-06 19:15:15,69.22,-51.1,46.4,75,75,4.7
43,Murgab,TM,2020-07-06 19:15:15,37.5,61.97,78.8,31,40,4.7
44,Saint George,US,2020-07-06 19:12:06,37.1,-113.58,96.8,9,1,5.82
45,Atar,MR,2020-07-06 19:15:15,20.52,-13.05,103.32,18,0,16.62
46,Ushuaia,AR,2020-07-06 19:10:26,-54.8,-68.3,33.8,80,1,6.11
47,Mar Del Plata,AR,2020-07-06 19:12:19,-38.0,-57.56,48.2,70,75,10.29
48,Kapaa,US,2020-07-06 19:12:06,22.08,-159.32,82.4,69,75,10.29
49,Gescher,DE,2020-07-06 19:15:16,51.95,7.0,59.0,70,0,5.01
50,Bluff,NZ,2020-07-06 19:15:16,-46.6,168.33,47.23,78,88,18.81
51,Namatanai,PG,2020-07-06 19:15:16,-3.67,152.43,78.21,79,20,6.06
52,Vaini,TO,2020-07-06 19:15:17,-21.2,-175.2,75.2,94,75,9.17
53,Severo-Kurilsk,RU,2020-07-06 19:15:17,50.68,156.12,51.75,85,14,9.31
54,Sakaraha,MG,2020-07-06 19:15:17,-22.9,44.53,62.42,58,0,6.87
55,College,US,2020-07-06 19:15:17,64.86,-147.8,66.0,67,75,2.53
56,Kodiak,US,2020-07-06 19:15:18,57.79,-152.41,55.4,93,75,7.23
57,Beloha,MG,2020-07-06 19:15:18,-25.17,45.05,61.2,94,2,6.82
58,Puerto Ayora,EC,2020-07-06 19:15:19,-0.74,-90.35,77.0,69,75,19.46
59,Cidreira,BR,2020-07-06 19:15:19,-30.18,-50.21,57.18,79,100,9.73
60,Souillac,MU,2020-07-06 19:15:19,-20.52,57.52,73.4,94,75,4.7
61,Corrente,BR,2020-07-06 19:15:19,-3.74,-43.34,82.63,74,1,5.01
62,Lafiagi,NG,2020-07-06 19:15:19,8.87,5.42,81.09,75,100,2.44
63,Butaritari,KI,2020-07-06 19:15:20,3.07,172.79,83.37,75,100,16.46
64,Roald,NO,2020-07-06 19:15:20,62.58,6.13,50.0,87,75,10.29
65,Cherskiy,RU,2020-07-06 19:15:20,68.75,161.3,55.62,73,32,15.23
66,Port Hedland,AU,2020-07-06 19:15:20,-20.32,118.57,57.2,41,0,5.82
67,East London,ZA,2020-07-06 19:15:20,-33.02,27.91,73.0,21,0,9.51
68,Tuktoyaktuk,CA,2020-07-06 19:15:21,69.45,-133.04,42.8,87,90,12.75
69,Asau,RO,2020-07-06 19:15:22,46.43,26.4,64.99,81,90,3.0
70,Jumla,NP,2020-07-06 19:15:04,29.27,82.18,63.21,73,100,1.54
71,Newport,GB,2020-07-06 19:10:32,51.59,-3.0,66.0,51,0,1.99
72,Farmington,US,2020-07-06 19:11:49,36.73,-108.22,89.6,19,1,6.93
73,Kaitangata,NZ,2020-07-06 19:15:23,-46.28,169.85,46.99,84,100,13.0
74,Manggar,ID,2020-07-06 19:15:23,-2.88,108.27,81.86,82,85,15.86
75,Sag,RO,2020-07-06 19:15:23,45.65,21.18,73.4,83,0,5.82
76,Santa Lucia,ES,2020-07-06 19:15:23,27.91,-15.54,75.2,78,20,25.28
77,Chimore,BO,2020-07-06 19:12:50,-16.98,-65.13,79.12,85,33,0.45
78,Carnarvon,AU,2020-07-06 19:15:24,-24.87,113.63,60.8,77,0,12.75
79,Kavieng,PG,2020-07-06 19:15:24,-2.57,150.8,81.97,77,60,14.32
80,Zaraza,VE,2020-07-06 19:15:24,9.35,-65.32,84.29,82,100,2.66
81,Lebu,CL,2020-07-06 19:15:24,-37.62,-73.65,49.82,59,0,5.66
82,Stara Pazova,RS,2020-07-06 19:11:53,44.98,20.16,82.4,54,0,1.88
83,Pisco,PE,2020-07-06 19:15:24,-13.7,-76.22,64.99,82,20,10.29
84,Imbituba,BR,2020-07-06 19:15:25,-28.24,-48.67,62.6,72,90,4.7
85,Buchanan,LR,2020-07-06 19:15:25,5.88,-10.05,80.6,78,75,10.29
86,Qaanaaq,GL,2020-07-06 19:15:25,77.48,-69.36,46.51,55,0,1.7
87,Aktas,KZ,2020-07-06 19:15:25,49.78,72.96,51.8,100,0,4.47
88,Isangel,VU,2020-07-06 19:15:25,-19.55,169.27,68.0,94,90,13.29
89,Buraydah,SA,2020-07-06 19:15:25,26.33,43.98,98.6,22,20,5.82
90,Hofn,IS,2020-07-06 19:15:25,64.25,-15.21,55.4,66,20,13.87
91,Torzhok,RU,2020-07-06 19:15:26,57.04,34.96,67.35,95,27,5.91
92,Hamilton,US,2020-07-06 19:13:45,39.18,-84.53,93.0,55,1,3.36
93,Norman Wells,CA,2020-07-06 19:14:22,65.28,-126.83,50.0,87,90,10.29
94,Baruun-Urt,MN,2020-07-06 19:15:26,46.68,113.28,58.19,45,0,4.99
95,Port Elizabeth,ZA,2020-07-06 19:15:26,-33.92,25.57,60.8,51,0,11.41
96,Sept-Iles,CA,2020-07-06 19:15:26,50.2,-66.38,64.0,77,40,8.05
97,Manavalakurichi,IN,2020-07-06 19:15:27,8.13,77.3,78.8,83,40,2.24
98,Ulagan,RU,2020-07-06 19:15:27,50.63,87.96,54.39,75,100,1.36
99,Faya,SA,2020-07-06 19:15:27,18.39,42.45,71.6,68,20,4.7
100,Irving,US,2020-07-06 19:12:13,32.81,-96.95,87.01,66,75,8.05
101,Bosaso,SO,2020-07-06 19:15:27,11.28,49.18,93.31,39,81,13.69
102,Lompoc,US,2020-07-06 19:15:28,34.64,-120.46,70.0,63,0,14.99
103,Mercedes,AR,2020-07-06 19:15:28,-34.65,-59.43,55.0,62,14,1.99
104,Council Bluffs,US,2020-07-06 19:15:28,41.26,-95.86,90.0,55,75,10.29
105,Yerofey Pavlovich,RU,2020-07-06 19:15:29,53.97,121.97,48.18,74,0,2.73
106,Kribi,CM,2020-07-06 19:15:29,2.95,9.92,76.19,90,95,10.29
107,Talnakh,RU,2020-07-06 19:15:29,69.49,88.4,55.4,93,36,4.47
108,Ihlow,DE,2020-07-06 19:15:29,51.88,13.33,64.4,48,40,12.75
109,Ribeira Grande,PT,2020-07-06 19:15:29,38.52,-28.7,75.2,64,20,12.75
110,Zhuhai,CN,2020-07-06 19:15:30,22.28,113.57,86.0,83,40,9.17
111,Jamestown,US,2020-07-06 19:15:30,42.1,-79.24,86.0,45,40,4.72
112,Dikson,RU,2020-07-06 19:15:30,73.51,80.55,50.95,66,1,15.73
113,Seydi,TM,2020-07-06 19:15:30,39.48,62.91,80.62,19,0,12.62
114,Mayumba,GA,2020-07-06 19:15:30,-3.43,10.66,73.09,89,64,5.1
115,Narsaq,GL,2020-07-06 19:15:30,60.92,-46.05,50.0,61,75,9.17
116,Kostino,RU,2020-07-06 19:15:31,58.91,53.27,64.35,93,54,3.38
117,Cabo San Lucas,MX,2020-07-06 19:15:31,22.89,-109.91,95.0,43,5,19.46
118,Cape Town,ZA,2020-07-06 19:14:52,-33.93,18.42,62.01,77,75,8.05
119,Sandur,IN,2020-07-06 19:15:31,15.1,76.55,75.04,79,100,18.92
120,Orissaare,EE,2020-07-06 19:15:31,58.56,23.08,60.01,77,40,16.11
121,Ciechocinek,PL,2020-07-06 19:15:31,52.88,18.8,66.0,48,7,12.75
122,Kaeo,NZ,2020-07-06 19:15:31,-35.1,173.78,48.99,3,0,4.0
123,La Ronge,CA,2020-07-06 19:15:32,55.1,-105.28,66.2,63,75,16.11
124,Broome,US,2020-07-06 19:15:21,42.25,-75.83,91.0,37,1,4.7
125,Sur,OM,2020-07-06 19:15:32,22.57,59.53,92.52,58,66,6.24
126,Egvekinot,RU,2020-07-06 19:15:32,66.32,-179.17,42.01,91,99,3.76
127,Coquimbo,CL,2020-07-06 19:15:32,-29.95,-71.34,57.2,71,75,6.93
128,Leningradskiy,RU,2020-07-06 19:15:33,69.38,178.42,44.01,79,84,4.97
129,Georgetown,MY,2020-07-06 19:12:29,5.41,100.34,78.8,94,20,2.24
130,Doha,QA,2020-07-06 19:15:33,25.29,51.53,96.01,67,0,3.36
131,Husavik,IS,2020-07-06 19:15:33,66.04,-17.34,50.0,71,20,9.17
132,Kununurra,AU,2020-07-06 19:15:33,-15.77,128.73,62.6,31,0,6.93
133,Acapulco,MX,2020-07-06 19:10:36,16.86,-99.89,89.6,66,40,5.82
134,Atherton,GB,2020-07-06 19:15:30,53.52,-2.49,60.01,55,0,5.01
135,Victoria,HK,2020-07-06 19:11:13,22.29,114.16,86.0,74,100,10.0
136,Atbasar,KZ,2020-07-06 19:15:34,51.8,68.33,65.19,73,79,5.03
137,Darhan,MN,2020-07-06 19:15:34,49.49,105.92,65.55,43,100,2.37
138,Aktau,KZ,2020-07-06 19:15:34,43.65,51.2,78.8,57,0,2.24
139,Geraldton,AU,2020-07-06 19:15:36,-28.77,114.6,55.4,82,39,11.41
140,Sairang,IN,2020-07-06 19:15:36,23.8,92.67,75.83,89,100,2.26
141,Nome,US,2020-07-06 19:15:36,64.5,-165.41,48.0,93,90,17.22
142,Bontang,ID,2020-07-06 19:15:36,0.13,117.5,75.92,87,72,5.53
143,The Valley,AI,2020-07-06 19:12:56,18.22,-63.06,87.8,62,20,18.34
144,Paamiut,GL,2020-07-06 19:15:37,61.99,-49.67,41.02,94,100,20.18
145,Aransas Pass,US,2020-07-06 19:13:16,27.91,-97.15,91.4,66,40,18.34
146,Ziway,ET,2020-07-06 19:15:37,7.93,38.72,63.84,84,16,13.22
147,Lucapa,AO,2020-07-06 19:15:37,-8.42,20.74,68.38,28,39,4.36
148,Avarua,CK,2020-07-06 19:15:38,-21.21,-159.78,71.6,73,100,11.41
149,Castro,BR,2020-07-06 19:15:38,-24.79,-50.01,69.28,73,39,5.82
150,Pevek,RU,2020-07-06 19:15:38,69.7,170.31,47.01,72,0,14.29
151,Fukue,JP,2020-07-06 19:15:38,32.69,128.84,77.05,92,100,23.67
152,Lasa,IT,2020-07-06 19:15:38,46.62,10.7,66.2,59,75,11.41
153,Komsomolskiy,UZ,2020-07-06 19:15:39,40.43,71.72,73.4,35,0,6.93
154,Bako,ET,2020-07-06 19:13:06,5.78,36.57,63.95,83,47,4.32
155,Port Lincoln,AU,2020-07-06 19:15:39,-34.73,135.87,52.27,78,80,14.0
156,Bengkulu,ID,2020-07-06 19:15:39,-3.8,102.27,77.18,84,100,5.35
157,Tautira,PF,2020-07-06 19:15:39,-17.73,-149.15,82.4,65,20,4.7
158,Kumluca,TR,2020-07-06 19:15:40,36.37,30.29,81.86,49,0,1.14
159,Tuatapere,NZ,2020-07-06 19:15:40,-46.13,167.68,45.3,84,92,11.21
160,Xiongzhou,CN,2020-07-06 19:15:40,25.12,114.3,76.87,86,100,3.53
161,Tilichiki,RU,2020-07-06 19:15:41,60.47,166.1,48.67,86,61,3.44
162,Gat,IL,2020-07-06 19:15:41,31.61,34.76,79.0,85,0,2.1
163,Artyom,AZ,2020-07-06 19:15:41,40.47,50.33,73.4,64,0,4.7
164,Skibbereen,IE,2020-07-06 19:15:41,51.55,-9.27,60.8,55,75,12.75
165,Kumylzhenskaya,RU,2020-07-06 19:15:41,49.88,42.59,79.05,30,0,7.52
166,Dzhebariki-Khaya,RU,2020-07-06 19:15:42,62.22,135.8,50.49,90,0,0.89
167,San Cristobal,VE,2020-07-06 19:15:42,7.77,-72.22,84.2,54,75,16.11
168,Bonavista,CA,2020-07-06 19:15:42,48.65,-53.11,55.99,84,100,3.0
169,Saldanha,ZA,2020-07-06 19:15:42,-33.01,17.94,60.8,77,19,2.24
170,Coahuayana,MX,2020-07-06 19:15:42,18.73,-103.68,84.2,62,20,11.41
171,Abonnema,NG,2020-07-06 19:15:42,4.71,6.79,75.2,94,75,3.36
172,Mahajanga,MG,2020-07-06 19:15:43,-15.72,46.32,71.6,83,20,3.36
173,Pathalgaon,IN,2020-07-06 19:15:43,22.57,83.47,75.67,91,100,10.71
174,Kiunga,PG,2020-07-06 19:15:43,-6.12,141.29,72.28,98,90,2.35
175,Iquique,CL,2020-07-06 19:15:05,-20.22,-70.14,62.6,63,90,8.05
176,Dawlatabad,AF,2020-07-06 19:15:44,36.41,64.91,76.6,18,90,6.82
177,Waingapu,ID,2020-07-06 19:15:44,-9.66,120.26,74.48,84,54,10.87
178,Hermanus,ZA,2020-07-06 19:15:44,-34.42,19.23,57.99,86,5,5.99
179,Dingle,PH,2020-07-06 19:15:44,11.0,122.67,77.81,82,78,5.91
180,Mugur-Aksy,RU,2020-07-06 19:15:44,50.35,90.5,49.71,77,100,9.13
181,Codrington,AU,2020-07-06 19:15:44,-38.27,141.97,50.04,81,94,2.8
182,Abu Dhabi,AE,2020-07-06 19:12:57,24.47,54.37,93.2,67,13,1.12
183,Palmer,US,2020-07-06 19:15:45,42.16,-72.33,87.01,42,40,4.36
184,Zemio,CF,2020-07-06 19:15:45,5.03,25.14,70.41,92,100,1.61
185,Chapais,CA,2020-07-06 19:13:37,49.78,-74.85,77.0,25,1,5.82
186,Pangnirtung,CA,2020-07-06 19:15:45,66.15,-65.71,46.4,87,75,19.46
187,Pontian Kecil,MY,2020-07-06 19:15:45,1.48,103.39,77.0,100,20,6.93
188,Hithadhoo,MV,2020-07-06 19:15:46,-0.6,73.08,83.8,78,66,19.86
189,Butembo,CD,2020-07-06 19:15:46,0.15,29.28,58.26,100,65,1.61
190,Saskylakh,RU,2020-07-06 19:15:46,71.92,114.08,43.47,80,100,11.14
191,Kavaratti,IN,2020-07-06 19:15:46,10.57,72.64,83.89,76,100,16.04
192,Ploemeur,FR,2020-07-06 19:15:47,47.73,-3.43,66.2,52,40,9.17
193,Sitka,US,2020-07-06 19:15:47,57.05,-135.33,57.2,82,75,11.41
194,Sabha,LY,2020-07-06 19:13:44,27.04,14.43,88.36,18,0,13.51
195,Markova,UA,2020-07-06 19:15:47,48.68,24.41,77.0,65,75,2.24
196,Cayenne,GF,2020-07-06 19:15:48,4.93,-52.33,84.2,74,0,11.41
197,Inyonga,TZ,2020-07-06 19:15:48,-6.72,32.07,65.64,42,58,5.57
198,Padang,ID,2020-07-06 19:15:48,-0.95,100.35,79.43,77,100,3.62
199,Longyearbyen,SJ,2020-07-06 19:15:48,78.22,15.64,51.8,66,75,16.11
200,Saint-Pierre,RE,2020-07-06 19:15:48,-21.34,55.48,71.6,94,90,12.75
201,Okhotsk,RU,2020-07-06 19:15:48,59.38,143.3,50.36,91,0,8.61
202,Muros,ES,2020-07-06 19:15:48,42.78,-9.06,72.0,68,0,10.0
203,Vila Velha,BR,2020-07-06 19:11:33,-20.33,-40.29,78.01,73,0,12.75
204,Ostrovnoy,RU,2020-07-06 19:15:49,68.05,39.51,52.77,81,80,11.86
205,Vilhena,BR,2020-07-06 19:15:49,-12.74,-60.15,87.8,43,0,10.29
206,Hay River,CA,2020-07-06 19:15:16,60.82,-115.8,59.0,67,75,4.7
207,Partapur,IN,2020-07-06 19:15:49,23.6,74.17,81.41,79,100,8.61
208,Severobaykalsk,RU,2020-07-06 19:15:50,55.65,109.32,51.08,62,0,2.48
209,Siniscola,IT,2020-07-06 19:14:18,40.57,9.69,84.2,45,0,1.12
210,Boysun,UZ,2020-07-06 19:15:50,38.21,67.2,69.58,23,0,2.89
211,San Patricio,MX,2020-07-06 19:15:50,19.22,-104.7,91.4,66,20,11.41
212,Humaita,BR,2020-07-06 19:15:51,-7.51,-63.02,92.19,44,97,2.48
213,Matei,RO,2020-07-06 19:15:51,46.98,24.27,70.0,77,20,2.24
214,Urumqi,CN,2020-07-06 19:15:51,43.8,87.6,66.2,68,0,4.47
215,Selma,US,2020-07-06 19:15:51,36.57,-119.61,89.6,28,1,7.72
216,Staryy Nadym,RU,2020-07-06 19:15:51,65.61,72.68,64.89,63,11,2.15
217,Brae,GB,2020-07-06 19:15:52,60.4,-1.35,50.0,76,39,21.92
218,Blythe,US,2020-07-06 19:15:52,33.61,-114.6,107.6,2,1,19.46
219,Mount Isa,AU,2020-07-06 19:15:52,-20.73,139.5,48.2,45,0,6.93
220,Brody,UA,2020-07-06 19:15:52,50.09,25.15,69.22,86,2,4.85
221,Graneros,CL,2020-07-06 19:15:52,-34.07,-70.73,51.8,66,90,2.24
222,Mackay,AU,2020-07-06 19:15:52,-21.15,149.2,59.0,87,83,9.17
223,Yulara,AU,2020-07-06 19:15:53,-25.24,130.99,39.2,64,0,5.82
224,Luanda,AO,2020-07-06 19:12:42,-8.84,13.23,75.2,69,20,8.05
225,Kisangani,CD,2020-07-06 19:14:13,0.52,25.2,73.45,91,100,2.64
226,Punta Alta,AR,2020-07-06 19:15:53,-38.88,-62.07,46.15,62,0,3.31
227,Harindanga,IN,2020-07-06 19:15:53,22.04,88.32,82.4,94,75,3.36
228,San Vicente,AR,2020-07-06 19:15:54,-26.62,-54.13,64.22,99,99,1.21
229,Alofi,NU,2020-07-06 19:15:54,-19.06,-169.92,73.4,88,100,8.05
230,Sladkovo,RU,2020-07-06 19:15:54,55.53,70.34,60.46,82,0,1.48
231,Sovetskiy,RU,2020-07-06 19:15:55,61.36,63.58,68.58,61,67,4.05
232,Luderitz,NA,2020-07-06 19:15:55,-26.65,15.16,55.4,87,66,4.7
233,Provost,CA,2020-07-06 19:15:55,52.35,-110.27,70.77,48,0,6.51
234,Show Low,US,2020-07-06 19:15:55,34.25,-110.03,87.8,10,1,11.41
235,Davila,PH,2020-07-06 19:15:56,18.47,120.58,81.84,77,100,3.85
236,Ancud,CL,2020-07-06 19:15:56,-41.87,-73.82,48.2,70,62,4.7
237,Ust-Ishim,RU,2020-07-06 19:15:56,57.69,71.17,59.63,92,91,0.76
238,Bandarbeyla,SO,2020-07-06 19:15:56,9.49,50.81,79.25,77,73,34.9
239,Turukhansk,RU,2020-07-06 19:15:56,65.82,87.98,58.03,97,100,0.69
240,Jiwani,PK,2020-07-06 19:15:57,25.05,61.74,86.25,84,0,1.7
241,Benguela,AO,2020-07-06 19:15:57,-12.58,13.41,69.04,82,10,4.92
242,Lagoa,PT,2020-07-06 19:15:57,39.05,-27.98,68.67,90,99,12.95
243,Salinas,US,2020-07-06 19:15:57,36.68,-121.66,68.0,56,1,17.22
244,Bracknell,GB,2020-07-06 19:15:57,51.41,-0.75,66.99,55,0,3.36
245,Nanortalik,GL,2020-07-06 19:15:58,60.14,-45.24,42.78,86,100,5.84
246,Berdigestyakh,RU,2020-07-06 19:15:58,62.1,126.7,45.99,69,20,1.74
247,Sarh,TD,2020-07-06 19:15:58,9.14,18.39,75.2,88,20,0.87
248,San Jose De Rio Tinto,HN,2020-07-06 19:15:58,14.93,-85.7,85.1,55,88,3.78
249,Thongwa,MM,2020-07-06 19:15:58,16.76,96.53,77.0,100,75,5.82
250,Zlobin,HR,2020-07-06 19:15:59,45.29,14.65,84.2,48,20,5.82
251,Livingston,GB,2020-07-06 19:15:59,55.9,-3.52,57.2,62,40,13.87
252,Mujiayingzi,CN,2020-07-06 19:15:59,42.12,118.78,63.7,44,0,6.58
253,Batticaloa,LK,2020-07-06 19:15:59,7.71,81.69,81.75,68,91,11.63
254,Berlevag,NO,2020-07-06 19:15:59,70.86,29.09,46.4,87,75,11.41
255,Beringovskiy,RU,2020-07-06 19:15:59,63.05,179.32,46.62,85,100,3.42
256,Bethel,US,2020-07-06 19:11:16,41.37,-73.41,93.0,43,20,11.41
257,Mildura,AU,2020-07-06 19:16:00,-34.2,142.15,46.99,75,40,3.36
258,Takaungu,KE,2020-07-06 19:16:00,-3.68,39.86,78.8,73,20,6.93
259,Mira,IT,2020-07-06 19:15:10,45.44,12.13,84.2,45,0,4.7
260,Timaru,NZ,2020-07-06 19:16:00,-44.4,171.25,46.0,97,100,3.0
261,Hasaki,JP,2020-07-06 19:16:01,35.73,140.83,81.0,83,75,12.75
262,The Pas,CA,2020-07-06 19:11:06,53.83,-101.25,72.95,49,26,12.3
263,Alihe,CN,2020-07-06 19:16:01,50.57,123.72,48.83,84,0,3.71
264,Bondo,CD,2020-07-06 19:16:01,3.81,23.69,70.77,96,100,1.83
265,Nouakchott,MR,2020-07-06 19:11:33,18.09,-15.98,82.4,69,20,14.99
266,Dzaoudzi,YT,2020-07-06 19:16:01,-12.79,45.27,77.0,73,0,16.11
267,Joshimath,IN,2020-07-06 19:16:02,30.57,79.57,63.68,55,1,0.38
268,Aksu,CN,2020-07-06 19:16:02,41.12,80.26,74.44,29,100,12.91
269,Lermontovka,RU,2020-07-06 19:16:02,47.15,134.34,61.93,92,100,8.7
270,Homer,US,2020-07-06 19:16:03,59.64,-151.55,55.4,93,90,4.7
271,Laguna,US,2020-07-06 19:16:03,38.42,-121.42,86.0,28,1,10.29
272,Mehtar Lam,AF,2020-07-06 19:16:03,34.67,70.21,87.8,38,20,0.94
273,Tiksi,RU,2020-07-06 19:16:04,71.69,128.87,34.99,94,100,4.88
274,Carahue,CL,2020-07-06 19:16:04,-38.7,-73.17,42.8,93,0,3.36
275,Clyde River,CA,2020-07-06 19:16:04,70.47,-68.59,42.8,81,75,6.93
276,Poum,NC,2020-07-06 19:16:04,-20.23,164.02,68.85,72,100,7.96
277,Talara,PE,2020-07-06 19:16:04,-4.58,-81.27,77.0,61,1,16.11
278,Nuqui,CO,2020-07-06 19:16:04,5.71,-77.27,89.6,62,75,6.93
279,Barsovo,RU,2020-07-06 19:16:05,61.17,73.17,64.4,82,4,6.71
280,Cartagena,CO,2020-07-06 19:12:20,10.4,-75.51,89.6,70,75,4.7
281,Languyan,PH,2020-07-06 19:16:05,5.26,120.08,78.4,84,98,6.06
282,Cutervo,PE,2020-07-06 19:16:05,-6.38,-78.82,63.14,70,77,4.56
283,Shache,CN,2020-07-06 19:16:06,38.42,77.24,76.17,26,98,11.12
284,Wiang Sa,TH,2020-07-06 19:16:06,8.64,99.37,76.17,89,54,2.13
285,Burnie,AU,2020-07-06 19:16:06,-41.07,145.92,37.99,77,3,3.0
286,Soderhamn,SE,2020-07-06 19:16:06,61.3,17.06,55.0,98,100,3.0
287,Jalu,LY,2020-07-06 19:16:06,29.03,21.55,81.77,43,0,15.95
288,Troitskoye,RU,2020-07-06 19:16:07,52.98,84.68,59.92,94,26,4.72
289,Taveta,KE,2020-07-06 19:16:07,-3.4,37.67,69.8,77,75,5.82
290,Yokadouma,CM,2020-07-06 19:16:07,3.52,15.05,71.71,95,100,1.36
291,Khuzdar,PK,2020-07-06 19:16:07,27.74,66.64,81.05,46,99,1.57
292,Calamar,CO,2020-07-06 19:16:07,10.25,-74.91,89.6,70,75,4.7
293,Lavras Da Mangabeira,BR,2020-07-06 19:16:00,-6.75,-38.96,82.4,58,75,9.17
294,Arraial Do Cabo,BR,2020-07-06 19:16:08,-22.97,-42.03,87.8,48,0,5.82
295,Marfino,RU,2020-07-06 19:16:08,55.7,37.38,78.01,68,0,4.47
296,Siderno,IT,2020-07-06 19:16:08,38.28,16.3,77.0,88,40,5.82
297,Mufulira,ZM,2020-07-06 19:16:08,-12.55,28.24,55.4,43,4,5.3
298,Mayo,US,2020-07-06 19:16:08,38.89,-76.51,93.0,83,1,13.87
299,Magadan,RU,2020-07-06 19:16:08,59.57,150.8,51.01,84,4,5.86
300,Cooma,AU,2020-07-06 19:16:09,-36.23,149.13,39.2,93,90,9.17
301,Ust-Kuyga,RU,2020-07-06 19:16:09,70.02,135.6,50.05,76,2,4.29
302,Katherine,AU,2020-07-06 19:16:09,-14.47,132.27,53.6,58,0,5.82
303,Moree,AU,2020-07-06 19:16:09,-29.47,149.85,35.6,93,0,3.36
304,Wagar,SD,2020-07-06 19:16:09,16.15,36.2,98.69,21,99,8.95
305,Salmon Arm,CA,2020-07-06 19:12:04,50.7,-119.3,73.0,53,100,2.24
306,Bereda,ES,2020-07-06 19:16:09,43.27,-7.54,59.0,88,100,8.99
307,Kabin Buri,TH,2020-07-06 19:16:10,13.95,101.72,77.61,91,100,1.63
308,Issaquah,US,2020-07-06 19:16:10,47.53,-122.03,69.01,52,1,8.05
309,Kanungu,UG,2020-07-06 19:16:10,-0.96,29.79,64.18,76,99,1.5
310,Magistralnyy,RU,2020-07-06 19:16:10,56.17,107.45,55.0,53,94,2.46
311,Guerrero Negro,MX,2020-07-06 19:16:10,27.98,-114.06,83.14,37,0,12.44
312,Bajil,YE,2020-07-06 19:16:11,15.06,43.29,87.96,57,100,2.95
313,Kristiansund,NO,2020-07-06 19:16:11,63.11,7.73,51.8,76,75,20.8
314,Morrope,PE,2020-07-06 19:16:11,-6.54,-80.01,68.0,68,20,17.22
315,Nivala,FI,2020-07-06 19:16:11,63.92,24.97,53.01,87,99,3.0
316,Danshui,CN,2020-07-06 19:16:12,22.8,114.47,84.99,100,100,1.99
317,Atikokan,CA,2020-07-06 19:16:12,48.76,-91.62,85.51,43,97,8.28
318,Plouzane,FR,2020-07-06 19:16:12,48.38,-4.62,60.8,72,20,11.41
319,Campbell River,CA,2020-07-06 19:16:12,50.02,-125.24,66.2,59,75,2.24
320,Corcoran,US,2020-07-06 19:16:12,36.1,-119.56,91.0,19,1,6.93
321,Eyrarbakki,IS,2020-07-06 19:16:12,63.86,-21.15,55.4,71,2,13.87
322,Enshi,CN,2020-07-06 19:16:12,30.3,109.48,74.55,87,100,3.51
323,Wad Rawah,SD,2020-07-06 19:16:13,15.16,33.14,95.43,28,87,9.19
324,Kathu,TH,2020-07-06 19:16:13,7.92,98.33,84.99,94,20,2.24
325,Vila,PT,2020-07-06 19:16:13,42.03,-8.16,82.99,58,0,10.0
326,Ketchikan,US,2020-07-06 19:16:13,55.34,-131.65,59.0,82,90,3.36
327,Mandalgarh,IN,2020-07-06 19:16:14,25.2,75.1,82.04,72,98,10.07
328,Krivosheino,RU,2020-07-06 19:16:14,57.34,83.93,57.6,95,37,6.71
329,Saint-Joseph,RE,2020-07-06 19:16:14,-21.37,55.62,71.6,94,90,12.75
330,Katobu,ID,2020-07-06 19:16:14,-4.94,122.53,74.26,92,2,4.65
331,Arroyo,ES,2020-07-06 19:16:14,41.61,-4.8,80.01,38,0,17.22
332,Saint Anthony,US,2020-07-06 19:16:15,45.02,-93.22,87.01,48,40,8.05
333,Gomel,BY,2020-07-06 19:16:15,52.43,30.98,77.0,57,0,6.71
334,Mount Gambier,AU,2020-07-06 19:16:15,-37.83,140.77,46.4,93,90,3.36
335,Los Aquijes,PE,2020-07-06 19:16:15,-14.1,-75.69,64.99,82,20,10.29
336,Victor Harbor,AU,2020-07-06 19:16:15,-35.57,138.62,50.0,86,62,4.9
337,Udachnyy,RU,2020-07-06 19:16:16,66.42,112.4,41.0,86,90,4.47
338,Aquiraz,BR,2020-07-06 19:16:16,-3.9,-38.39,75.2,83,75,8.05
339,Iqaluit,CA,2020-07-06 19:16:16,63.75,-68.51,57.2,50,20,8.05
340,Flinders,AU,2020-07-06 19:16:16,-34.58,150.86,48.0,83,65,1.99
341,Quatre Cocos,MU,2020-07-06 19:16:16,-20.21,57.76,73.4,94,75,4.7
342,Puerto Montt,CL,2020-07-06 19:16:16,-41.47,-72.94,50.0,53,94,0.83
343,Alappuzha,IN,2020-07-06 19:16:16,9.49,76.33,79.56,83,100,2.35
344,Bambous Virieux,MU,2020-07-06 19:16:17,-20.34,57.76,73.4,94,75,4.7
345,Bara,NG,2020-07-06 19:16:17,10.37,10.73,77.81,78,52,4.65
346,Kruisfontein,ZA,2020-07-06 19:16:17,-34.0,24.73,55.67,64,0,11.88
347,Deputatskiy,RU,2020-07-06 19:16:17,69.3,139.9,50.09,73,95,0.85
348,Kpandae,GH,2020-07-06 19:16:17,8.47,-0.01,79.65,73,2,5.1
349,Canutama,BR,2020-07-06 19:16:17,-6.53,-64.38,90.09,54,94,0.74
350,Haapiti,PF,2020-07-06 19:16:18,-17.57,-149.87,82.4,65,20,4.7
351,Ecoporanga,BR,2020-07-06 19:16:18,-18.37,-40.83,80.47,42,0,2.82
352,Ailigandi,PA,2020-07-06 19:16:18,9.23,-78.02,84.49,72,8,6.4
353,Flin Flon,CA,2020-07-06 19:14:44,54.77,-101.86,71.6,53,40,11.41
354,Richards Bay,ZA,2020-07-06 19:16:18,-28.78,32.04,68.45,52,0,13.73
355,Ndjole,GA,2020-07-06 19:16:18,-0.18,10.76,74.71,86,80,1.03
356,Pacific Grove,US,2020-07-06 19:14:00,36.62,-121.92,66.99,59,40,12.75
357,Nhulunbuy,AU,2020-07-06 19:16:19,-12.23,136.77,73.4,69,40,12.75
358,Carutapera,BR,2020-07-06 19:16:19,-1.2,-46.02,83.86,69,21,8.81
359,Westport,US,2020-07-06 19:13:51,41.14,-73.36,90.0,48,1,11.41
360,Savonlinna,FI,2020-07-06 19:16:19,61.87,28.88,60.8,51,0,16.11
361,Oga,IT,2020-07-06 19:16:19,46.46,10.35,66.2,66,75,16.11
362,Kaoma,ZM,2020-07-06 19:16:19,-14.78,24.8,53.28,41,0,3.91
363,Santa Rosa,PH,2020-07-06 19:16:19,14.31,121.11,82.0,82,9,5.26
364,Sayyan,YE,2020-07-06 19:16:20,15.17,44.32,68.14,51,100,1.97
365,Watrous,CA,2020-07-06 19:16:20,51.67,-105.47,70.95,57,0,10.87
366,Kenitra,MA,2020-07-06 19:16:20,34.26,-6.58,86.0,48,20,10.29
367,Lashio,MM,2020-07-06 19:16:20,22.93,97.75,70.16,99,100,1.25
368,Dera Bugti,PK,2020-07-06 19:16:20,29.03,69.15,91.53,35,5,5.37
369,Puerto Del Rosario,ES,2020-07-06 19:16:21,28.5,-13.86,77.0,83,0,5.82
370,Moose Factory,CA,2020-07-06 19:16:21,51.26,-80.61,84.2,45,20,9.17
371,Tarko-Sale,RU,2020-07-06 19:16:21,64.92,77.78,61.38,63,84,6.96
372,Grindavik,IS,2020-07-06 19:16:21,63.84,-22.43,55.4,66,40,11.41
373,High Level,CA,2020-07-06 19:16:22,58.52,-117.14,71.6,49,40,5.82
374,Yarada,IN,2020-07-06 19:16:22,17.65,83.27,82.4,88,90,10.29
375,Sulangan,PH,2020-07-06 19:16:22,11.14,123.72,83.66,76,12,9.71
376,Invermere,CA,2020-07-06 19:16:22,50.52,-116.04,72.0,35,6,1.99
377,Necochea,AR,2020-07-06 19:16:22,-38.55,-58.74,48.0,76,91,4.0
378,Baishishan,CN,2020-07-06 19:16:22,43.58,127.57,62.31,94,100,4.45
379,Yumen,CN,2020-07-06 19:16:23,40.28,97.2,76.91,30,15,7.96
380,Marawi,PH,2020-07-06 19:16:23,8.0,124.29,75.0,89,83,5.99
381,Mehamn,NO,2020-07-06 19:16:23,71.04,27.85,46.4,93,75,9.17
382,Namibe,AO,2020-07-06 19:16:23,-15.2,12.15,68.27,80,0,4.56
383,Bana,CM,2020-07-06 19:16:24,5.15,10.28,62.33,100,100,2.42
384,Bayir,TR,2020-07-06 19:16:24,37.27,28.22,80.6,69,0,4.7
385,Cockburn Town,TC,2020-07-06 19:16:24,21.46,-71.14,87.8,62,40,14.99
386,Bowen,AU,2020-07-06 19:16:24,-20.02,148.23,63.0,93,90,5.82
387,Ishigaki,JP,2020-07-06 19:16:24,24.34,124.16,84.7,84,100,19.26
388,Bose,IT,2020-07-06 19:16:25,45.46,8.01,82.0,30,1,4.32
389,Quesnel,CA,2020-07-06 19:15:21,53.0,-122.5,62.6,77,75,5.82
390,Vanderhoof,CA,2020-07-06 19:16:25,54.02,-124.02,62.15,60,100,5.28
391,Sri Aman,MY,2020-07-06 19:16:25,1.24,111.46,78.01,100,100,2.98
392,Harer,ET,2020-07-06 19:16:25,9.31,42.13,59.63,85,60,4.52
393,Pizarro,CO,2020-07-06 19:16:03,4.95,-77.37,80.89,85,90,10.63
394,Zachary,US,2020-07-06 19:16:26,30.65,-91.16,77.0,94,90,5.82
395,Contamana,PE,2020-07-06 19:16:26,-7.33,-75.02,92.14,48,29,2.62
396,Broken Hill,AU,2020-07-06 19:16:26,-31.95,141.43,37.4,86,40,6.93
397,Tabou,CI,2020-07-06 19:16:27,4.42,-7.35,74.91,78,100,7.36
398,Churapcha,RU,2020-07-06 19:16:27,62.0,132.43,49.6,73,43,1.21
399,Walvis Bay,NA,2020-07-06 19:16:27,-22.96,14.51,71.6,18,0,1.12
400,San Jeronimo,PE,2020-07-06 19:16:28,-11.95,-75.28,62.31,38,23,0.81
401,Alta Floresta,BR,2020-07-06 19:16:28,-9.88,-56.09,95.0,24,0,13.87
402,San Juan Del Sur,NI,2020-07-06 19:13:31,11.25,-85.87,77.0,61,40,18.34
403,Goderich,CA,2020-07-06 19:16:28,43.75,-81.72,84.0,66,21,4.32
404,Bulgan,MN,2020-07-06 19:16:29,48.81,103.53,58.86,76,68,1.57
405,Micheweni,TZ,2020-07-06 19:16:29,-4.97,39.83,76.82,80,5,16.69
406,Ndele,CF,2020-07-06 19:16:29,8.41,20.65,71.24,92,100,2.62
407,Caravelas,BR,2020-07-06 19:16:29,-17.71,-39.25,75.54,70,66,6.08
408,Constitucion,CL,2020-07-06 19:16:30,-35.33,-72.42,53.51,63,89,4.68
409,Tura,IN,2020-07-06 19:16:30,25.52,90.22,76.24,95,100,7.87
410,Mondragone,IT,2020-07-06 19:16:30,41.11,13.89,79.0,61,20,10.29
411,Christchurch,NZ,2020-07-06 19:12:17,-43.53,172.63,42.8,81,100,8.05
412,Port-Gentil,GA,2020-07-06 19:16:31,-0.72,8.78,77.0,83,75,8.05
413,Macas,EC,2020-07-06 19:12:08,-2.32,-78.12,73.4,73,75,8.05
414,Tarrafal,CV,2020-07-06 19:16:31,15.28,-23.77,80.6,69,75,13.87
415,Sungurlu,TR,2020-07-06 19:16:31,40.17,34.37,72.82,59,0,6.17
416,Ialibu,PG,2020-07-06 19:16:32,-6.28,143.99,60.8,100,75,4.7
417,Verkhnyaya Inta,RU,2020-07-06 19:16:32,65.98,60.31,65.55,67,1,7.85
418,Araouane,ML,2020-07-06 19:16:32,18.9,-3.53,102.33,13,46,4.38
419,Cacequi,BR,2020-07-06 19:12:18,-29.88,-54.83,56.28,77,99,12.77
420,Nouadhibou,MR,2020-07-06 19:16:32,20.93,-17.03,75.2,73,1,9.17
421,Roros,NO,2020-07-06 19:16:33,62.57,11.38,44.6,87,100,21.92
422,Ayan,RU,2020-07-06 19:16:33,56.45,138.17,48.85,92,100,3.06
423,Muradnagar,IN,2020-07-06 19:16:33,28.78,77.5,84.2,79,40,6.93
424,Emerald,AU,2020-07-06 19:16:33,-23.53,148.17,50.0,61,0,12.75
425,Marsa Matruh,EG,2020-07-06 19:16:33,31.35,27.25,77.0,83,0,8.05
426,Krasnoselkup,RU,2020-07-06 19:16:33,65.7,82.47,59.52,80,70,9.64
427,Chumikan,RU,2020-07-06 19:16:34,54.72,135.31,46.33,92,100,9.08
428,Ninh Binh,VN,2020-07-06 19:15:17,20.25,105.97,83.59,83,100,9.08
429,Marzuq,YE,2020-07-06 19:16:34,14.4,46.47,78.53,56,87,5.19
430,Ler,SS,2020-07-06 19:16:34,8.3,30.14,74.79,90,100,4.03
431,Esperance,AU,2020-07-06 19:16:34,-33.87,121.9,51.8,87,0,10.29
432,Arawa,PG,2020-07-06 19:16:34,-6.21,155.54,76.44,81,100,2.98
433,Nisia Floresta,BR,2020-07-06 19:16:35,-6.09,-35.21,80.6,78,75,17.22
434,Yenagoa,NG,2020-07-06 19:16:35,4.92,6.26,75.85,92,100,5.06
435,Eureka,US,2020-07-06 19:11:40,40.8,-124.16,62.01,79,44,8.99
436,Matara,LK,2020-07-06 19:16:35,5.95,80.54,78.44,87,90,8.97
437,Eston,CA,2020-07-06 19:16:35,51.15,-108.75,73.99,49,20,11.41
438,Sorong,ID,2020-07-06 19:16:35,-0.88,131.25,77.74,88,100,9.89
439,Springfield,US,2020-07-06 19:12:53,37.22,-93.3,90.0,45,1,6.93
440,Carballo,ES,2020-07-06 19:16:36,43.21,-8.69,64.99,76,94,8.99
441,Fortuna,US,2020-07-06 19:16:37,40.6,-124.16,62.01,72,70,9.17
442,Port Said,EG,2020-07-06 19:16:37,31.26,32.28,82.4,69,0,10.29
443,Ayr,GB,2020-07-06 19:16:37,55.46,-4.63,55.4,71,40,16.11
444,Canavieiras,BR,2020-07-06 19:16:37,-15.68,-38.95,72.63,89,100,2.28
445,Alikalia,SL,2020-07-06 19:16:37,9.17,-11.4,73.63,95,90,2.82
446,Bilibino,RU,2020-07-06 19:16:37,68.05,166.44,52.32,63,37,3.91
447,Tigil,RU,2020-07-06 19:16:37,57.8,158.67,51.12,96,100,2.35
448,Salalah,OM,2020-07-06 19:16:38,17.02,54.09,82.4,78,40,2.24
449,Assiniboia,CA,2020-07-06 19:16:38,49.63,-105.98,74.82,35,0,5.53
450,Ahipara,NZ,2020-07-06 19:16:38,-35.17,173.17,55.17,73,16,18.41
451,Sunbury,AU,2020-07-06 19:16:38,-37.58,144.73,46.99,93,75,6.93
452,Newton,US,2020-07-06 19:12:40,42.34,-71.21,79.0,61,75,9.17
453,Buala,SB,2020-07-06 19:16:38,-8.14,159.59,79.74,78,26,6.58
454,Xining,CN,2020-07-06 19:16:39,36.62,101.77,58.23,54,73,2.26
455,Tarata,BO,2020-07-06 19:16:39,-17.62,-66.02,77.0,23,20,8.05
456,Barbacena,BR,2020-07-06 19:16:39,-21.23,-43.77,77.0,31,20,4.7
457,Prince Rupert,CA,2020-07-06 19:16:39,54.32,-130.32,57.2,93,90,3.36
458,Neuquen,AR,2020-07-06 19:16:39,-38.95,-68.06,37.4,64,75,6.93
459,Artesia,US,2020-07-06 19:16:39,33.87,-118.08,91.0,37,1,11.41
460,Srandakan,ID,2020-07-06 19:16:39,-7.94,110.25,76.84,81,100,5.61
461,Nioro,GM,2020-07-06 19:16:40,13.35,-15.75,85.44,65,100,9.22
462,Ilebo,CD,2020-07-06 19:16:40,-4.32,20.58,75.15,38,8,0.76
463,Pindi Bhattian,PK,2020-07-06 19:16:40,31.9,73.27,95.67,26,20,2.51
464,Saint-Augustin,CA,2020-07-06 19:16:40,51.23,-58.65,67.1,50,0,13.42
465,Auch,FR,2020-07-06 19:16:40,43.65,0.58,72.0,56,22,1.01
466,Ust-Maya,RU,2020-07-06 19:16:40,60.42,134.53,48.56,94,0,0.43
467,Andenes,NO,2020-07-06 19:16:41,69.31,16.12,50.0,87,75,9.17
468,Mandalgovi,MN,2020-07-06 19:16:41,45.76,106.27,67.24,40,48,7.67
469,Anito,PH,2020-07-06 19:16:41,12.45,125.29,79.99,85,72,3.53
470,Polyarnyy,RU,2020-07-06 19:16:41,69.2,33.45,57.2,67,100,2.24
471,Dudinka,RU,2020-07-06 19:14:02,69.41,86.18,55.4,93,0,4.47
472,Ranot,TH,2020-07-06 19:16:42,7.78,100.32,80.87,79,98,6.93
473,Togur,RU,2020-07-06 19:16:42,58.36,82.83,57.47,87,71,4.7
474,Sao Filipe,CV,2020-07-06 19:16:42,14.9,-24.5,74.59,80,4,8.95
475,Islampur,IN,2020-07-06 19:16:42,26.27,88.2,82.87,81,100,9.46
476,Tramore,IE,2020-07-06 19:16:42,52.16,-7.15,64.0,67,75,6.93
477,Fukuma,JP,2020-07-06 19:16:42,33.77,130.47,75.99,100,75,2.24
478,Hays,US,2020-07-06 19:16:43,30.05,-98.03,96.01,56,20,7.0
479,Sao Joao Da Barra,BR,2020-07-06 19:16:43,-21.64,-41.05,86.0,42,0,6.93
480,Arman,RU,2020-07-06 19:16:43,59.7,150.17,53.56,80,0,3.69
481,Aberdeen,GB,2020-07-06 19:15:09,57.14,-2.1,57.2,58,24,17.22
482,Nong Chik,TH,2020-07-06 19:16:43,6.84,101.18,76.73,85,36,5.08
483,Lang Suan,TH,2020-07-06 19:16:43,9.95,99.08,78.57,85,100,4.12
484,Vanimo,PG,2020-07-06 19:16:43,-2.67,141.3,78.1,82,49,6.73
485,Port Augusta,AU,2020-07-06 19:16:44,-32.5,137.77,42.01,82,0,6.93
486,North Platte,US,2020-07-06 19:16:44,41.12,-100.77,91.4,36,1,9.17
487,Sao Joao,BR,2020-07-06 19:16:44,-8.88,-36.37,69.62,82,49,11.99
488,Taltal,CL,2020-07-06 19:16:44,-25.4,-70.48,59.94,67,23,5.64
489,Wageningen,NL,2020-07-06 19:16:45,51.97,5.67,61.0,77,75,6.93
490,Susanville,US,2020-07-06 19:16:45,40.42,-120.65,82.4,14,1,9.17
491,Kirovsk,UA,2020-07-06 19:16:46,48.64,38.64,76.24,41,13,4.9
492,Guna,IN,2020-07-06 19:16:46,24.65,77.32,78.46,85,52,8.63
493,Akdepe,TM,2020-07-06 19:16:46,42.06,59.38,80.6,42,0,6.44
494,Vysokogornyy,RU,2020-07-06 19:16:46,50.12,139.15,55.45,96,86,4.59
495,Mayna,RU,2020-07-06 19:16:46,54.11,47.62,70.27,85,0,1.45
496,Peruibe,BR,2020-07-06 19:16:47,-24.32,-47.0,72.59,81,99,5.5
497,Margate,GB,2020-07-06 19:16:47,51.38,1.39,66.0,54,0,3.0
498,Binzhou,CN,2020-07-06 19:16:47,37.37,118.02,73.9,76,0,4.23
499,Olga,RU,2020-07-06 19:16:47,43.74,135.29,56.77,94,100,1.54
500,Zhigansk,RU,2020-07-06 19:16:47,66.77,123.37,43.84,71,50,1.92
501,La Ligua,CL,2020-07-06 19:16:48,-32.45,-71.23,57.2,76,100,5.82
502,Raudeberg,NO,2020-07-06 19:16:48,61.99,5.14,48.99,87,100,16.42
503,Znamenskoye,RU,2020-07-06 19:16:48,57.13,73.83,61.66,75,42,3.71
504,Terrace Bay,CA,2020-07-06 19:16:48,48.78,-87.1,62.6,88,75,5.82
505,Langedijk,NL,2020-07-06 19:16:48,52.7,4.8,60.01,78,1,1.01
506,Ayaviri,PE,2020-07-06 19:16:49,-14.89,-70.59,61.47,29,46,15.05
507,Puerto El Triunfo,SV,2020-07-06 19:16:49,13.28,-88.55,86.0,88,40,6.93
508,Olafsvik,IS,2020-07-06 19:16:49,64.89,-23.71,53.06,60,0,7.94
509,Rawson,AR,2020-07-06 19:16:49,-43.3,-65.1,43.03,62,93,6.44
510,Tiarei,PF,2020-07-06 19:16:49,-17.53,-149.33,82.4,65,20,4.7
511,Riachao,BR,2020-07-06 19:16:49,-7.36,-46.62,89.85,34,0,6.69
512,Dalbandin,PK,2020-07-06 19:16:50,28.89,64.41,82.31,14,0,1.99
513,Almaty,KZ,2020-07-06 19:16:50,43.25,76.95,57.2,76,40,4.47
514,Provideniya,RU,2020-07-06 19:16:51,64.38,-173.3,44.6,81,90,3.0
515,Ulladulla,AU,2020-07-06 19:16:51,-35.35,150.47,46.4,87,29,8.05
516,Baisha,CN,2020-07-06 19:16:51,26.52,110.93,77.23,82,100,4.32
517,Comodoro Rivadavia,AR,2020-07-06 19:13:12,-45.87,-67.5,42.8,75,75,1.12
518,Sambava,MG,2020-07-06 19:16:52,-14.27,50.17,74.32,79,100,18.81
519,Angoche,MZ,2020-07-06 19:16:52,-16.23,39.91,71.17,82,19,11.14
520,West Bay,KY,2020-07-06 19:16:52,19.37,-81.42,90.0,75,20,13.87
521,Whitianga,NZ,2020-07-06 19:16:52,-36.83,175.7,52.0,95,6,11.99
522,Kontagora,NG,2020-07-06 19:16:52,10.4,5.47,79.47,75,100,3.49
523,Waddan,LY,2020-07-06 19:16:53,29.16,16.14,79.72,39,0,17.9
524,Hualmay,PE,2020-07-06 19:16:53,-11.1,-77.61,66.31,69,47,11.88
525,Klaksvik,FO,2020-07-06 19:16:53,62.23,-6.59,44.6,87,76,20.8
526,Capitao Poco,BR,2020-07-06 19:16:54,-1.75,-47.06,86.95,63,72,4.34
527,Anton Lizardo,MX,2020-07-06 19:16:54,19.05,-95.98,90.0,66,20,8.05
528,Dauphin,CA,2020-07-06 19:16:54,51.15,-100.05,73.4,56,20,16.11
529,Ninotsminda,GE,2020-07-06 19:16:54,41.26,43.59,69.8,32,0,24.16
530,Chaiya,TH,2020-07-06 19:16:54,9.39,99.2,78.33,84,99,4.97
531,Skuodas,LT,2020-07-06 19:16:55,56.27,21.53,60.8,77,52,19.46
532,Smolenka,RU,2020-07-06 19:16:55,52.14,113.5,44.6,87,0,2.24
533,Qaqortoq,GL,2020-07-06 19:16:55,60.72,-46.03,50.0,61,75,9.17
534,Borogontsy,RU,2020-07-06 19:16:56,62.67,131.17,52.57,62,86,2.01
535,Srednekolymsk,RU,2020-07-06 19:16:56,67.45,153.68,49.62,95,100,10.0
536,Gangapur,IN,2020-07-06 19:16:56,26.48,76.72,88.03,56,39,7.61
